regulation_id,threshold_id,requirement_id,metric,operator,value,value_upper,unit,condition_context,consequence,threshold_type
APG-223,APG-223-THR-001,APG-223-REQ-020,serviceability_interest_rate_buffer,>=,3.0,,percent,"{""loan_type"": ""residential_secured"", ""application"": ""applied to loan interest rate ignoring honeymoon/introductory rates"", ""applies_to"": ""new and existing debt commitments""}",Mandatory minimum buffer under APS 220 Attachment C; ensures borrower capacity to repay under rising interest rate scenarios,minimum
APG-223,APG-223-THR-002,APG-223-REQ-023,credit_card_revolving_debt_repayment_rate,==,3.0,,percent,"{""loan_type"": ""residential_secured"", ""debt_type"": ""credit card or revolving personal debt"", ""basis"": ""per month on total committed limit""}",Used as a suitably prudent repayment obligation estimate for credit card and revolving debt in serviceability calculations,informational
APG-223,APG-223-THR-003,APG-223-REQ-025,income_haircut_non_salary,>=,20.0,,percent,"{""income_type"": ""most types of non-salary income"", ""examples"": ""bonuses, overtime, variable commissions, investment income, child support, social security payments, pensions, superannuation income"", ""note"": ""higher discount may be appropriate in some cases""}",Minimum discount applied to non-salary income in serviceability assessment to reflect uncertainty and variability,minimum
APG-223,APG-223-THR-004,APG-223-REQ-028,income_haircut_rental,>=,20.0,,percent,"{""income_type"": ""expected rental income on investment properties"", ""note"": ""larger haircuts appropriate for properties with higher risk of non-occupancy""}",Minimum haircut applied to expected rental income in serviceability assessment to reflect periods of non-occupancy,minimum
APG-223,APG-223-THR-005,APG-223-REQ-056,LVR,>=,90.0,,percent,"{""loan_type"": ""residential_secured"", ""LVR_basis"": ""including capitalised LMI premium or other fees"", ""note"": ""APRA has not formally defined high LVR lending but experience shows LVRs above 90% clearly expose ADI to higher risk of loss""}","Significant increases in high LVR lending should trigger senior management review of risk targets and internal controls, with Board oversight",trigger
APS-112,APS-112-THR-041,APS-112-REQ-032,commercial_property_haircut_in_LVR_calculation,==,40.0,,percent,"{""loan_type"": ""residential_secured"", ""security_type"": ""mixed_residential_and_commercial""}",ADI must apply a 40 per cent haircut to the value of any commercial property when calculating LVR for a residential property exposure secured by both residential and commercial properties.,informational
APS-112,APS-112-THR-042,APS-112-REQ-036,LMI_loss_coverage,>=,40.0,,percent,"{""loan_type"": ""residential_secured"", ""coverage_base"": ""higher_of_original_and_outstanding_loan_amount""}",LMI is eligible to reduce capital requirements only if it covers all losses up to at least 40 per cent of the higher of the original or outstanding loan amount.,minimum
APS-112,APS-112-THR-043,APS-112-REQ-037,risk_weight,==,20.0,,percent,"{""loan_type"": ""residential_secured"", ""loan_category"": ""owner_occupied_principal_and_interest"", ""LMI"": ""with_LMI"", ""LVR_band"": ""0-60""}",ADI must apply a 20 per cent risk weight to owner-occupied P&I standard loans with LMI and LVR ≤60%.,informational
APS-112,APS-112-THR-044,APS-112-REQ-037,risk_weight,==,20.0,,percent,"{""loan_type"": ""residential_secured"", ""loan_category"": ""owner_occupied_principal_and_interest"", ""LMI"": ""with_LMI"", ""LVR_band"": ""60.01-70""}",ADI must apply a 20 per cent risk weight to owner-occupied P&I standard loans with LMI and LVR 60.01–70%.,informational
APS-112,APS-112-THR-045,APS-112-REQ-037,risk_weight,==,25.0,,percent,"{""loan_type"": ""residential_secured"", ""loan_category"": ""owner_occupied_principal_and_interest"", ""LMI"": ""with_LMI"", ""LVR_band"": ""70.01-80""}",ADI must apply a 25 per cent risk weight to owner-occupied P&I standard loans with LMI and LVR 70.01–80%.,informational
APS-112,APS-112-THR-046,APS-112-REQ-037,risk_weight,==,30.0,,percent,"{""loan_type"": ""residential_secured"", ""loan_category"": ""owner_occupied_principal_and_interest"", ""LMI"": ""with_LMI"", ""LVR_band"": ""80.01-90""}",ADI must apply a 30 per cent risk weight to owner-occupied P&I standard loans with LMI and LVR 80.01–90%.,informational
APS-112,APS-112-THR-047,APS-112-REQ-037,risk_weight,==,35.0,,percent,"{""loan_type"": ""residential_secured"", ""loan_category"": ""owner_occupied_principal_and_interest"", ""LMI"": ""with_LMI"", ""LVR_band"": ""90.01-100""}",ADI must apply a 35 per cent risk weight to owner-occupied P&I standard loans with LMI and LVR 90.01–100%.,informational
APS-112,APS-112-THR-048,APS-112-REQ-037,risk_weight,==,40.0,,percent,"{""loan_type"": ""residential_secured"", ""loan_category"": ""owner_occupied_principal_and_interest"", ""LMI"": ""with_LMI"", ""LVR_band"": "">100""}",ADI must apply a 40 per cent risk weight to owner-occupied P&I standard loans with LMI and LVR >100%.,informational
APS-112,APS-112-THR-049,APS-112-REQ-037,risk_weight,==,20.0,,percent,"{""loan_type"": ""residential_secured"", ""loan_category"": ""owner_occupied_principal_and_interest"", ""LMI"": ""no_LMI"", ""LVR_band"": ""0-60""}",ADI must apply a 20 per cent risk weight to owner-occupied P&I standard loans without LMI and LVR ≤60%.,informational
APS-112,APS-112-THR-050,APS-112-REQ-037,risk_weight,==,25.0,,percent,"{""loan_type"": ""residential_secured"", ""loan_category"": ""owner_occupied_principal_and_interest"", ""LMI"": ""no_LMI"", ""LVR_band"": ""60.01-70""}",ADI must apply a 25 per cent risk weight to owner-occupied P&I standard loans without LMI and LVR 60.01–70%.,informational
APS-112,APS-112-THR-051,APS-112-REQ-037,risk_weight,==,30.0,,percent,"{""loan_type"": ""residential_secured"", ""loan_category"": ""owner_occupied_principal_and_interest"", ""LMI"": ""no_LMI"", ""LVR_band"": ""70.01-80""}",ADI must apply a 30 per cent risk weight to owner-occupied P&I standard loans without LMI and LVR 70.01–80%.,informational
APS-112,APS-112-THR-052,APS-112-REQ-037,risk_weight,==,35.0,,percent,"{""loan_type"": ""residential_secured"", ""loan_category"": ""owner_occupied_principal_and_interest"", ""LMI"": ""no_LMI"", ""LVR_band"": ""80.01-90""}",ADI must apply a 35 per cent risk weight to owner-occupied P&I standard loans without LMI and LVR 80.01–90%.,informational
APS-112,APS-112-THR-053,APS-112-REQ-037,risk_weight,==,50.0,,percent,"{""loan_type"": ""residential_secured"", ""loan_category"": ""owner_occupied_principal_and_interest"", ""LMI"": ""no_LMI"", ""LVR_band"": ""90.01-100""}",ADI must apply a 50 per cent risk weight to owner-occupied P&I standard loans without LMI and LVR 90.01–100%.,informational
APS-112,APS-112-THR-054,APS-112-REQ-037,risk_weight,==,70.0,,percent,"{""loan_type"": ""residential_secured"", ""loan_category"": ""owner_occupied_principal_and_interest"", ""LMI"": ""no_LMI"", ""LVR_band"": "">100""}",ADI must apply a 70 per cent risk weight to owner-occupied P&I standard loans without LMI and LVR >100%.,informational
APS-112,APS-112-THR-055,APS-112-REQ-037,risk_weight,==,25.0,,percent,"{""loan_type"": ""residential_secured"", ""loan_category"": ""other_standard_residential"", ""LMI"": ""with_LMI"", ""LVR_band"": ""0-60""}",ADI must apply a 25 per cent risk weight to other standard residential standard loans with LMI and LVR ≤60%.,informational
APS-112,APS-112-THR-056,APS-112-REQ-037,risk_weight,==,25.0,,percent,"{""loan_type"": ""residential_secured"", ""loan_category"": ""other_standard_residential"", ""LMI"": ""with_LMI"", ""LVR_band"": ""60.01-70""}",ADI must apply a 25 per cent risk weight to other standard residential standard loans with LMI and LVR 60.01–70%.,informational
APS-112,APS-112-THR-057,APS-112-REQ-037,risk_weight,==,30.0,,percent,"{""loan_type"": ""residential_secured"", ""loan_category"": ""other_standard_residential"", ""LMI"": ""with_LMI"", ""LVR_band"": ""70.01-80""}",ADI must apply a 30 per cent risk weight to other standard residential standard loans with LMI and LVR 70.01–80%.,informational
APS-112,APS-112-THR-058,APS-112-REQ-037,risk_weight,==,40.0,,percent,"{""loan_type"": ""residential_secured"", ""loan_category"": ""other_standard_residential"", ""LMI"": ""with_LMI"", ""LVR_band"": ""80.01-90""}",ADI must apply a 40 per cent risk weight to other standard residential standard loans with LMI and LVR 80.01–90%.,informational
APS-112,APS-112-THR-059,APS-112-REQ-037,risk_weight,==,45.0,,percent,"{""loan_type"": ""residential_secured"", ""loan_category"": ""other_standard_residential"", ""LMI"": ""with_LMI"", ""LVR_band"": ""90.01-100""}",ADI must apply a 45 per cent risk weight to other standard residential standard loans with LMI and LVR 90.01–100%.,informational
APS-112,APS-112-THR-060,APS-112-REQ-037,risk_weight,==,50.0,,percent,"{""loan_type"": ""residential_secured"", ""loan_category"": ""other_standard_residential"", ""LMI"": ""with_LMI"", ""LVR_band"": "">100""}",ADI must apply a 50 per cent risk weight to other standard residential standard loans with LMI and LVR >100%.,informational
APS-112,APS-112-THR-061,APS-112-REQ-037,risk_weight,==,25.0,,percent,"{""loan_type"": ""residential_secured"", ""loan_category"": ""other_standard_residential"", ""LMI"": ""no_LMI"", ""LVR_band"": ""0-60""}",ADI must apply a 25 per cent risk weight to other standard residential standard loans without LMI and LVR ≤60%.,informational
APS-112,APS-112-THR-062,APS-112-REQ-037,risk_weight,==,30.0,,percent,"{""loan_type"": ""residential_secured"", ""loan_category"": ""other_standard_residential"", ""LMI"": ""no_LMI"", ""LVR_band"": ""60.01-70""}",ADI must apply a 30 per cent risk weight to other standard residential standard loans without LMI and LVR 60.01–70%.,informational
APS-112,APS-112-THR-063,APS-112-REQ-037,risk_weight,==,40.0,,percent,"{""loan_type"": ""residential_secured"", ""loan_category"": ""other_standard_residential"", ""LMI"": ""no_LMI"", ""LVR_band"": ""70.01-80""}",ADI must apply a 40 per cent risk weight to other standard residential standard loans without LMI and LVR 70.01–80%.,informational
APS-112,APS-112-THR-064,APS-112-REQ-037,risk_weight,==,45.0,,percent,"{""loan_type"": ""residential_secured"", ""loan_category"": ""other_standard_residential"", ""LMI"": ""no_LMI"", ""LVR_band"": ""80.01-90""}",ADI must apply a 45 per cent risk weight to other standard residential standard loans without LMI and LVR 80.01–90%.,informational
APS-112,APS-112-THR-065,APS-112-REQ-037,risk_weight,==,65.0,,percent,"{""loan_type"": ""residential_secured"", ""loan_category"": ""other_standard_residential"", ""LMI"": ""no_LMI"", ""LVR_band"": ""90.01-100""}",ADI must apply a 65 per cent risk weight to other standard residential standard loans without LMI and LVR 90.01–100%.,informational
APS-112,APS-112-THR-066,APS-112-REQ-037,risk_weight,==,85.0,,percent,"{""loan_type"": ""residential_secured"", ""loan_category"": ""other_standard_residential"", ""LMI"": ""no_LMI"", ""LVR_band"": "">100""}",ADI must apply an 85 per cent risk weight to other standard residential standard loans without LMI and LVR >100%.,informational
APS-112,APS-112-THR-067,APS-112-REQ-037,risk_weight,==,55.0,,percent,"{""loan_type"": ""residential_secured"", ""loan_category"": ""owner_occupied_principal_and_interest"", ""LMI"": ""with_LMI"", ""LVR_band"": ""note: Table 1 shows LMI row values 40/55/70 spanning LVR bands 80.01-90/90.01-100/>100 respectively for owner-occupied P&I; THR-046 and THR-047 already capture 30 and 35 for LMI at 80.01-90 and 90.01-100; this row captures the LMI risk weight of 55 at LVR 90.01-100 per the table layout""}","Per Table 1, the LMI row for owner-occupied P&I shows risk weights 40, 55, 70 for LVR bands 80.01-90, 90.01-100, >100 respectively — this threshold captures the 55 per cent value at LVR 90.01-100.",informational
APS-112,APS-112-THR-068,APS-112-REQ-037,risk_weight,==,70.0,,percent,"{""loan_type"": ""residential_secured"", ""loan_category"": ""owner_occupied_principal_and_interest"", ""LMI"": ""with_LMI"", ""LVR_band"": "">100""}","Per Table 1, the LMI row for owner-occupied P&I shows a risk weight of 70 per cent at LVR >100%.",informational
APS-112,APS-112-THR-069,APS-112-REQ-037,risk_weight,==,85.0,,percent,"{""loan_type"": ""residential_secured"", ""loan_category"": ""owner_occupied_principal_and_interest"", ""LMI"": ""no_LMI"", ""LVR_band"": "">100""}","Per Table 1, the No LMI row for owner-occupied P&I shows a risk weight of 85 per cent at LVR >100%.",informational
APS-112,APS-112-THR-070,APS-112-REQ-037,risk_weight,==,70.0,,percent,"{""loan_type"": ""residential_secured"", ""loan_category"": ""other_standard_residential"", ""LMI"": ""with_LMI"", ""LVR_band"": ""90.01-100""}","Per Table 1, the LMI row for other standard residential shows a risk weight of 70 per cent at LVR 90.01–100%.",informational
APS-112,APS-112-THR-071,APS-112-REQ-037,risk_weight,==,85.0,,percent,"{""loan_type"": ""residential_secured"", ""loan_category"": ""other_standard_residential"", ""LMI"": ""with_LMI"", ""LVR_band"": "">100""}","Per Table 1, the LMI row for other standard residential shows a risk weight of 85 per cent at LVR >100%.",informational
APS-112,APS-112-THR-072,APS-112-REQ-037,risk_weight,==,85.0,,percent,"{""loan_type"": ""residential_secured"", ""loan_category"": ""other_standard_residential"", ""LMI"": ""no_LMI"", ""LVR_band"": ""90.01-100""}","Per Table 1, the No LMI row for other standard residential shows a risk weight of 85 per cent at LVR 90.01–100%.",informational
APS-112,APS-112-THR-073,APS-112-REQ-037,risk_weight,==,105.0,,percent,"{""loan_type"": ""residential_secured"", ""loan_category"": ""other_standard_residential"", ""LMI"": ""no_LMI"", ""LVR_band"": "">100""}","Per Table 1, the No LMI row for other standard residential shows a risk weight of 105 per cent at LVR >100%.",informational
APS-112,APS-112-THR-074,APS-112-REQ-038,risk_weight,==,35.0,,percent,"{""loan_type"": ""residential_secured"", ""scheme"": ""Australian_Government_Home_Guarantee_Scheme"", ""condition"": ""NHFIC_guarantee_certificate_issued""}",ADI may apply a 35 per cent risk weight to exposures under the Home Guarantee Scheme with a valid NHFIC guarantee certificate.,informational
APS-112,APS-112-THR-075,APS-112-REQ-039,LVR,>=,80.0,,percent,"{""loan_type"": ""residential_secured"", ""loan_category"": ""interest_only"", ""interest_only_term"": ""greater_than_5_years_or_unspecified""}",Interest-only loans with LVR >80% and interest-only term >5 years or unspecified must be classified as non-standard loans.,trigger
APS-112,APS-112-THR-076,APS-112-REQ-040,risk_weight,==,50.0,,percent,"{""loan_type"": ""residential_secured"", ""loan_category"": ""reverse_mortgage"", ""LVR_band"": ""0-60""}",ADI must apply a 50 per cent risk weight to reverse mortgage non-standard loans with LVR ≤60%.,informational
APS-112,APS-112-THR-077,APS-112-REQ-040,risk_weight,==,100.0,,percent,"{""loan_type"": ""residential_secured"", ""loan_category"": ""reverse_mortgage"", ""LVR_band"": "">60""}",ADI must apply a 100 per cent risk weight to reverse mortgage non-standard loans with LVR >60%.,informational
APS-112,APS-112-THR-078,APS-112-REQ-040,risk_weight,==,100.0,,percent,"{""loan_type"": ""residential_secured"", ""loan_category"": ""all_other_non_standard"", ""LVR_band"": ""any""}",ADI must apply a 100 per cent risk weight to all other non-standard residential loans regardless of LVR.,informational
APS-112,APS-112-THR-079,APS-112-REQ-041,consecutive_performing_months,>=,36.0,,months,"{""loan_type"": ""residential_secured"", ""loan_category"": ""non_standard_due_to_para5_failure""}",A non-standard loan may be reclassified as standard after 36 consecutive months of performing.,minimum
APS-112,APS-112-THR-080,APS-112-REQ-042,risk_weight,==,70.0,,percent,"{""loan_type"": ""commercial_secured"", ""cash_flow_dependent"": true, ""loan_classification"": ""standard"", ""LVR_band"": ""0-60""}",ADI must apply a 70 per cent risk weight to standard commercial property exposures dependent on cash flows with LVR ≤60%.,informational
APS-112,APS-112-THR-081,APS-112-REQ-042,risk_weight,==,90.0,,percent,"{""loan_type"": ""commercial_secured"", ""cash_flow_dependent"": true, ""loan_classification"": ""standard"", ""LVR_band"": ""60.01-80""}",ADI must apply a 90 per cent risk weight to standard commercial property exposures dependent on cash flows with LVR 60.01–80%.,informational
APS-112,APS-112-THR-082,APS-112-REQ-042,risk_weight,==,110.0,,percent,"{""loan_type"": ""commercial_secured"", ""cash_flow_dependent"": true, ""loan_classification"": ""standard"", ""LVR_band"": "">80""}",ADI must apply a 110 per cent risk weight to standard commercial property exposures dependent on cash flows with LVR >80%.,informational
APS-112,APS-112-THR-083,APS-112-REQ-042,risk_weight,==,150.0,,percent,"{""loan_type"": ""commercial_secured"", ""cash_flow_dependent"": true, ""loan_classification"": ""non_standard"", ""LVR_band"": ""any""}",ADI must apply a 150 per cent risk weight to non-standard commercial property exposures dependent on cash flows regardless of LVR.,informational
APS-112,APS-112-THR-084,APS-112-REQ-043,risk_weight,==,60.0,,percent,"{""loan_type"": ""commercial_secured"", ""cash_flow_dependent"": false, ""counterparty_type"": ""rated_corporate"", ""LVR_band"": ""0-60"", ""loan_classification"": ""standard""}",ADI must apply a 60 per cent risk weight (or Table 10 risk weight if lower) to rated corporate commercial property exposures not dependent on cash flows with LVR ≤60%.,informational
APS-112,APS-112-THR-085,APS-112-REQ-043,risk_weight,==,60.0,,percent,"{""loan_type"": ""commercial_secured"", ""cash_flow_dependent"": false, ""counterparty_type"": ""all_other_counterparties"", ""LVR_band"": ""0-60"", ""loan_classification"": ""standard""}",ADI must apply a 60 per cent risk weight to all other counterparty commercial property exposures not dependent on cash flows with LVR ≤60%.,informational
APS-112,APS-112-THR-086,APS-112-REQ-044,tangible_assets,>=,250000000.0,,AUD,"{""loan_type"": ""commercial_secured"", ""classification"": ""not_dependent_on_property_cash_flows""}",Borrower must have greater than $250 million in tangible assets to which the ADI has unconditional recourse for the exposure to qualify as not dependent on property cash flows.,minimum
APS-112,APS-112-THR-087,APS-112-REQ-044,single_asset_concentration,<=,25.0,,percent,"{""loan_type"": ""commercial_secured"", ""classification"": ""not_dependent_on_property_cash_flows"", ""metric_description"": ""no_single_real_estate_asset_as_percent_of_portfolio_by_value""}",No single real estate asset may represent more than 25 per cent of the borrower's real estate portfolio by value for the not-dependent classification to apply.,maximum
APS-112,APS-112-THR-088,APS-112-REQ-044,single_tenant_concentration_retail_shopping_centres,<=,25.0,,percent,"{""loan_type"": ""commercial_secured"", ""classification"": ""not_dependent_on_property_cash_flows"", ""portfolio_type"": ""retail_shopping_centres""}",No single tenant may represent more than 25 per cent of portfolio net rental income for retail shopping centre portfolios.,maximum
APS-112,APS-112-THR-089,APS-112-REQ-044,single_tenant_concentration_other_portfolios,<=,10.0,,percent,"{""loan_type"": ""commercial_secured"", ""classification"": ""not_dependent_on_property_cash_flows"", ""portfolio_type"": ""all_other_real_estate_portfolios"", ""exception"": ""Government_tenants_excluded""}",No single tenant may represent more than 10 per cent of portfolio net rental income for all other real estate portfolios (excluding Government tenants).,maximum
APS-112,APS-112-THR-090,APS-112-REQ-045,debt_to_qualifying_development_costs,<=,75.0,,percent,"{""loan_type"": ""residential_secured"", ""exposure_type"": ""ADC"", ""condition"": ""eligibility_for_100_percent_risk_weight""}",Total debt to qualifying development costs must be less than 75 per cent for an ADC exposure to qualify for the 100 per cent risk weight.,maximum
APS-112,APS-112-THR-091,APS-112-REQ-045,pre_sales_as_percent_of_total_debt,>=,100.0,,percent,"{""loan_type"": ""residential_secured"", ""exposure_type"": ""ADC"", ""condition"": ""exposure_greater_than_5_million_single_development""}","Where ADC exposure exceeds $5 million for a single development, qualifying pre-sales must be at least 100 per cent of total debt.",minimum
APS-112,APS-112-THR-092,APS-112-REQ-045,aggregate_exposure_threshold,>=,5000000.0,,AUD,"{""loan_type"": ""residential_secured"", ""exposure_type"": ""ADC"", ""condition"": ""pre_sales_requirement_trigger""}",Pre-sales requirement of 100 per cent of total debt applies where the exposure to the borrower exceeds $5 million in aggregate for a single development.,trigger
APS-112,APS-112-THR-093,APS-112-REQ-046,risk_weight,==,150.0,,percent,"{""loan_type"": ""all"", ""exposure_type"": ""ADC"", ""condition"": ""does_not_qualify_for_100_percent_risk_weight""}",ADI must apply a 150 per cent risk weight to all ADC exposures that do not meet the conditions for the 100 per cent risk weight.,informational
APS-112,APS-112-THR-094,APS-112-REQ-048,risk_weight,==,0.0,,percent,"{""exposure_type"": ""sovereign"", ""credit_rating_grade"": ""1""}",ADI must apply a 0 per cent risk weight to sovereign exposures with credit rating grade 1.,informational
APS-112,APS-112-THR-095,APS-112-REQ-048,risk_weight,==,20.0,,percent,"{""exposure_type"": ""sovereign"", ""credit_rating_grade"": ""2""}",ADI must apply a 20 per cent risk weight to sovereign exposures with credit rating grade 2.,informational
APS-112,APS-112-THR-096,APS-112-REQ-048,risk_weight,==,50.0,,percent,"{""exposure_type"": ""sovereign"", ""credit_rating_grade"": ""3""}",ADI must apply a 50 per cent risk weight to sovereign exposures with credit rating grade 3.,informational
APS-112,APS-112-THR-097,APS-112-REQ-048,risk_weight,==,100.0,,percent,"{""exposure_type"": ""sovereign"", ""credit_rating_grade"": ""4_or_5""}",ADI must apply a 100 per cent risk weight to sovereign exposures with credit rating grade 4 or 5.,informational
APS-112,APS-112-THR-098,APS-112-REQ-048,risk_weight,==,150.0,,percent,"{""exposure_type"": ""sovereign"", ""credit_rating_grade"": ""6""}",ADI must apply a 150 per cent risk weight to sovereign exposures with credit rating grade 6.,informational
APS-112,APS-112-THR-099,APS-112-REQ-048,risk_weight,==,100.0,,percent,"{""exposure_type"": ""sovereign"", ""credit_rating_grade"": ""unrated""}",ADI must apply a 100 per cent risk weight to unrated sovereign exposures.,informational
APS-112,APS-112-THR-100,APS-112-REQ-048,risk_weight,==,0.0,,percent,"{""exposure_type"": ""sovereign"", ""counterparty"": ""Australian_Government_or_RBA"", ""currency"": ""AUD"", ""funded_in"": ""AUD""}",Exposures to the Australian Government and RBA denominated and funded in AUD may be risk-weighted at zero per cent.,informational
APS-112,APS-112-THR-101,APS-112-REQ-049,risk_weight,==,20.0,,percent,"{""exposure_type"": ""domestic_PSE"", ""credit_rating_grade"": ""1""}",ADI must apply a 20 per cent risk weight to domestic PSE exposures with credit rating grade 1.,informational
APS-112,APS-112-THR-102,APS-112-REQ-049,risk_weight,==,50.0,,percent,"{""exposure_type"": ""domestic_PSE"", ""credit_rating_grade"": ""2""}",ADI must apply a 50 per cent risk weight to domestic PSE exposures with credit rating grade 2.,informational
APS-112,APS-112-THR-103,APS-112-REQ-049,risk_weight,==,50.0,,percent,"{""exposure_type"": ""domestic_PSE"", ""credit_rating_grade"": ""3""}",ADI must apply a 50 per cent risk weight to domestic PSE exposures with credit rating grade 3.,informational
APS-112,APS-112-THR-104,APS-112-REQ-049,risk_weight,==,100.0,,percent,"{""exposure_type"": ""domestic_PSE"", ""credit_rating_grade"": ""4_or_5""}",ADI must apply a 100 per cent risk weight to domestic PSE exposures with credit rating grade 4 or 5.,informational
APS-112,APS-112-THR-105,APS-112-REQ-049,risk_weight,==,150.0,,percent,"{""exposure_type"": ""domestic_PSE"", ""credit_rating_grade"": ""6""}",ADI must apply a 150 per cent risk weight to domestic PSE exposures with credit rating grade 6.,informational
APS-112,APS-112-THR-106,APS-112-REQ-049,risk_weight,==,50.0,,percent,"{""exposure_type"": ""domestic_PSE"", ""credit_rating_grade"": ""unrated""}",ADI must apply a 50 per cent risk weight to unrated domestic PSE exposures.,informational
APS-112,APS-112-THR-107,APS-112-REQ-050,risk_weight,==,20.0,,percent,"{""exposure_type"": ""bank"", ""maturity"": ""short_term"", ""credit_rating_grade"": ""1""}",ADI must apply a 20 per cent risk weight to short-term bank exposures with credit rating grade 1.,informational
APS-112,APS-112-THR-108,APS-112-REQ-050,risk_weight,==,20.0,,percent,"{""exposure_type"": ""bank"", ""maturity"": ""short_term"", ""credit_rating_grade"": ""2""}",ADI must apply a 20 per cent risk weight to short-term bank exposures with credit rating grade 2.,informational
APS-112,APS-112-THR-109,APS-112-REQ-050,risk_weight,==,20.0,,percent,"{""exposure_type"": ""bank"", ""maturity"": ""short_term"", ""credit_rating_grade"": ""3""}",ADI must apply a 20 per cent risk weight to short-term bank exposures with credit rating grade 3.,informational
APS-112,APS-112-THR-110,APS-112-REQ-050,risk_weight,==,50.0,,percent,"{""exposure_type"": ""bank"", ""maturity"": ""short_term"", ""credit_rating_grade"": ""4_or_5""}",ADI must apply a 50 per cent risk weight to short-term bank exposures with credit rating grade 4 or 5.,informational
APS-112,APS-112-THR-111,APS-112-REQ-050,risk_weight,==,150.0,,percent,"{""exposure_type"": ""bank"", ""maturity"": ""short_term"", ""credit_rating_grade"": ""6""}",ADI must apply a 150 per cent risk weight to short-term bank exposures with credit rating grade 6.,informational
APS-112,APS-112-THR-112,APS-112-REQ-050,risk_weight,==,20.0,,percent,"{""exposure_type"": ""bank"", ""maturity"": ""short_term"", ""credit_rating_grade"": ""unrated""}",ADI must apply a 20 per cent risk weight to unrated short-term bank exposures (subject to sovereign floor).,informational
APS-112,APS-112-THR-113,APS-112-REQ-050,risk_weight,==,20.0,,percent,"{""exposure_type"": ""bank"", ""maturity"": ""long_term"", ""credit_rating_grade"": ""1""}",ADI must apply a 20 per cent risk weight to long-term bank exposures with credit rating grade 1.,informational
APS-112,APS-112-THR-114,APS-112-REQ-050,risk_weight,==,30.0,,percent,"{""exposure_type"": ""bank"", ""maturity"": ""long_term"", ""credit_rating_grade"": ""2""}",ADI must apply a 30 per cent risk weight to long-term bank exposures with credit rating grade 2.,informational
APS-112,APS-112-THR-115,APS-112-REQ-050,risk_weight,==,50.0,,percent,"{""exposure_type"": ""bank"", ""maturity"": ""long_term"", ""credit_rating_grade"": ""3""}",ADI must apply a 50 per cent risk weight to long-term bank exposures with credit rating grade 3.,informational
APS-112,APS-112-THR-116,APS-112-REQ-050,risk_weight,==,100.0,,percent,"{""exposure_type"": ""bank"", ""maturity"": ""long_term"", ""credit_rating_grade"": ""4_or_5""}",ADI must apply a 100 per cent risk weight to long-term bank exposures with credit rating grade 4 or 5.,informational
APS-112,APS-112-THR-117,APS-112-REQ-050,risk_weight,==,150.0,,percent,"{""exposure_type"": ""bank"", ""maturity"": ""long_term"", ""credit_rating_grade"": ""6""}",ADI must apply a 150 per cent risk weight to long-term bank exposures with credit rating grade 6.,informational
APS-112,APS-112-THR-118,APS-112-REQ-050,risk_weight,==,50.0,,percent,"{""exposure_type"": ""bank"", ""maturity"": ""long_term"", ""credit_rating_grade"": ""unrated""}",ADI must apply a 50 per cent risk weight to unrated long-term bank exposures (subject to sovereign floor).,informational
APS-112,APS-112-THR-119,APS-112-REQ-050,risk_weight,==,20.0,,percent,"{""exposure_type"": ""bank"", ""maturity"": ""short_term_issue_specific"", ""credit_rating_grade"": ""1""}",ADI must apply a 20 per cent risk weight to short-term bank exposures with issue-specific credit rating grade 1 (Table 8).,informational
APS-112,APS-112-THR-120,APS-112-REQ-050,risk_weight,==,50.0,,percent,"{""exposure_type"": ""bank"", ""maturity"": ""short_term_issue_specific"", ""credit_rating_grade"": ""2""}",ADI must apply a 50 per cent risk weight to short-term bank exposures with issue-specific credit rating grade 2 (Table 8).,informational
APS-112,APS-112-THR-121,APS-112-REQ-050,risk_weight,==,100.0,,percent,"{""exposure_type"": ""bank"", ""maturity"": ""short_term_issue_specific"", ""credit_rating_grade"": ""3""}",ADI must apply a 100 per cent risk weight to short-term bank exposures with issue-specific credit rating grade 3 (Table 8).,informational
APS-112,APS-112-THR-122,APS-112-REQ-050,risk_weight,==,150.0,,percent,"{""exposure_type"": ""bank"", ""maturity"": ""short_term_issue_specific"", ""credit_rating_grade"": ""4""}",ADI must apply a 150 per cent risk weight to short-term bank exposures with issue-specific credit rating grade 4 (Table 8).,informational
APS-112,APS-112-THR-123,APS-112-REQ-052,cover_pool_overcollateralisation,>=,10.0,,percent,"{""exposure_type"": ""covered_bond"", ""condition"": ""eligibility_for_Table_9_risk_weights""}",The nominal value of the cover pool must exceed the nominal outstanding value of the covered bond by at least 10 per cent for Table 9 risk weights to apply.,minimum
APS-112,APS-112-THR-124,APS-112-REQ-052,risk_weight,==,10.0,,percent,"{""exposure_type"": ""covered_bond"", ""credit_rating_grade"": ""1""}",ADI may apply a 10 per cent risk weight to rated covered bond exposures with credit rating grade 1.,informational
APS-112,APS-112-THR-125,APS-112-REQ-052,risk_weight,==,20.0,,percent,"{""exposure_type"": ""covered_bond"", ""credit_rating_grade"": ""2_or_3""}",ADI may apply a 20 per cent risk weight to rated covered bond exposures with credit rating grade 2 or 3.,informational
APS-112,APS-112-THR-126,APS-112-REQ-052,risk_weight,==,50.0,,percent,"{""exposure_type"": ""covered_bond"", ""credit_rating_grade"": ""4_or_5""}",ADI may apply a 50 per cent risk weight to rated covered bond exposures with credit rating grade 4 or 5.,informational
APS-112,APS-112-THR-127,APS-112-REQ-052,risk_weight,==,100.0,,percent,"{""exposure_type"": ""covered_bond"", ""credit_rating_grade"": ""6""}",ADI may apply a 100 per cent risk weight to rated covered bond exposures with credit rating grade 6.,informational
APS-112,APS-112-THR-128,APS-112-REQ-053,bank_assets_in_cover_pool,<=,15.0,,percent,"{""exposure_type"": ""covered_bond"", ""asset_type"": ""bank_loans_or_guarantees"", ""condition"": ""eligibility_for_Table_9_risk_weights""}",Bank assets in the cover pool cannot exceed 15 per cent of the cover pool for Table 9 risk weights to apply.,maximum
APS-112,APS-112-THR-129,APS-112-REQ-053,LVR,<=,80.0,,percent,"{""exposure_type"": ""covered_bond"", ""asset_type"": ""residential_property_in_cover_pool"", ""condition"": ""eligibility_for_Table_9_risk_weights""}",Residential property exposures in the cover pool must have LVR ≤80% for Table 9 risk weights to apply.,maximum
APS-112,APS-112-THR-130,APS-112-REQ-053,LVR,<=,60.0,,percent,"{""exposure_type"": ""covered_bond"", ""asset_type"": ""commercial_property_in_cover_pool"", ""condition"": ""eligibility_for_Table_9_risk_weights""}",Commercial property exposures in the cover pool must have LVR ≤60% for Table 9 risk weights to apply.,maximum
APS-112,APS-112-THR-051,APS-112-REQ-052,risk_weight,==,20.0,,percent,"{""exposure_type"": ""general_corporate"", ""rating_type"": ""long-term"", ""credit_rating_grade"": 1}",ADI applies 20% risk weight to rated general corporate exposure at grade 1,informational
APS-112,APS-112-THR-052,APS-112-REQ-052,risk_weight,==,50.0,,percent,"{""exposure_type"": ""general_corporate"", ""rating_type"": ""long-term"", ""credit_rating_grade"": 2}",ADI applies 50% risk weight to rated general corporate exposure at grade 2,informational
APS-112,APS-112-THR-053,APS-112-REQ-052,risk_weight,==,75.0,,percent,"{""exposure_type"": ""general_corporate"", ""rating_type"": ""long-term"", ""credit_rating_grade"": 3}",ADI applies 75% risk weight to rated general corporate exposure at grade 3,informational
APS-112,APS-112-THR-054,APS-112-REQ-052,risk_weight,==,100.0,,percent,"{""exposure_type"": ""general_corporate"", ""rating_type"": ""long-term"", ""credit_rating_grade"": 4}",ADI applies 100% risk weight to rated general corporate exposure at grade 4,informational
APS-112,APS-112-THR-055,APS-112-REQ-052,risk_weight,==,150.0,,percent,"{""exposure_type"": ""general_corporate"", ""rating_type"": ""long-term"", ""credit_rating_grade"": ""5 or 6""}",ADI applies 150% risk weight to rated general corporate exposure at grades 5 or 6,informational
APS-112,APS-112-THR-056,APS-112-REQ-053,risk_weight,==,20.0,,percent,"{""exposure_type"": ""general_corporate"", ""rating_type"": ""short-term"", ""credit_rating_grade"": 1}",ADI applies 20% risk weight to short-term rated general corporate exposure at grade 1,informational
APS-112,APS-112-THR-057,APS-112-REQ-053,risk_weight,==,50.0,,percent,"{""exposure_type"": ""general_corporate"", ""rating_type"": ""short-term"", ""credit_rating_grade"": 2}",ADI applies 50% risk weight to short-term rated general corporate exposure at grade 2,informational
APS-112,APS-112-THR-058,APS-112-REQ-053,risk_weight,==,100.0,,percent,"{""exposure_type"": ""general_corporate"", ""rating_type"": ""short-term"", ""credit_rating_grade"": 3}",ADI applies 100% risk weight to short-term rated general corporate exposure at grade 3,informational
APS-112,APS-112-THR-059,APS-112-REQ-053,risk_weight,==,150.0,,percent,"{""exposure_type"": ""general_corporate"", ""rating_type"": ""short-term"", ""credit_rating_grade"": 4}",ADI applies 150% risk weight to short-term rated general corporate exposure at grade 4,informational
APS-112,APS-112-THR-060,APS-112-REQ-054,risk_weight,==,150.0,,percent,"{""exposure_type"": ""general_corporate"", ""rating_type"": ""short-term"", ""credit_rating_grade"": 4, ""applies_to"": ""all_unrated_exposures_to_same_counterparty""}",All unrated exposures to the counterparty (short-term or long-term) must be risk-weighted at 150%,informational
APS-112,APS-112-THR-061,APS-112-REQ-055,total_consolidated_annual_revenue,<=,75.0,,AUD_million,"{""exposure_type"": ""SME"", ""applies_to"": ""corporate_counterparty_or_group""}",Exposure qualifies as SME exposure,maximum
APS-112,APS-112-THR-062,APS-112-REQ-055,exposure_amount,<=,5.0,,AUD_million,"{""exposure_type"": ""SME"", ""condition"": ""revenue_cannot_be_determined""}",ADI may treat the exposure as SME where revenue cannot be determined,maximum
APS-112,APS-112-THR-063,APS-112-REQ-056,risk_weight,==,75.0,,percent,"{""exposure_type"": ""SME_retail"", ""rating"": ""unrated""}",ADI applies 75% risk weight to unrated SME retail exposures,informational
APS-112,APS-112-THR-064,APS-112-REQ-056,risk_weight,==,85.0,,percent,"{""exposure_type"": ""SME_corporate"", ""rating"": ""unrated""}",ADI applies 85% risk weight to unrated SME corporate exposures,informational
APS-112,APS-112-THR-065,APS-112-REQ-057,aggregated_exposure,<=,1.5,,AUD_million,"{""exposure_type"": ""SME_retail"", ""applies_to"": ""maximum_aggregated_exposure_to_SME_counterparty_or_group""}",Exposure qualifies for SME retail risk weight of 75%,maximum
APS-112,APS-112-THR-066,APS-112-REQ-058,risk_weight,==,100.0,,percent,"{""exposure_type"": ""general_corporate"", ""rating"": ""unrated"", ""SME"": false, ""option"": ""flat_rate""}",ADI applies 100% risk weight to all unrated non-SME general corporate exposures under the flat-rate option,informational
APS-112,APS-112-THR-067,APS-112-REQ-058,risk_weight,==,85.0,,percent,"{""exposure_type"": ""general_corporate"", ""rating"": ""unrated"", ""SME"": false, ""grade"": ""investment_grade"", ""option"": ""APRA_approved_methodology""}",ADI applies 85% risk weight to investment grade unrated non-SME general corporate exposures,informational
APS-112,APS-112-THR-068,APS-112-REQ-058,risk_weight,==,110.0,,percent,"{""exposure_type"": ""general_corporate"", ""rating"": ""unrated"", ""SME"": false, ""grade"": ""non_investment_grade"", ""option"": ""APRA_approved_methodology""}",ADI applies 110% risk weight to non-investment grade unrated non-SME general corporate exposures,informational
APS-112,APS-112-THR-069,APS-112-REQ-059,risk_weight,==,110.0,,percent,"{""exposure_type"": ""specialised_lending"", ""sub_class"": ""project_finance"", ""rating"": ""unrated""}",ADI applies 110% risk weight to unrated project finance exposures,informational
APS-112,APS-112-THR-070,APS-112-REQ-059,risk_weight,==,100.0,,percent,"{""exposure_type"": ""specialised_lending"", ""sub_class"": ""object_and_commodities_finance"", ""rating"": ""unrated""}",ADI applies 100% risk weight to unrated object and commodities finance exposures,informational
APS-112,APS-112-THR-071,APS-112-REQ-060,risk_weight,==,75.0,,percent,"{""exposure_type"": ""retail"", ""product_type"": ""credit_card""}",ADI applies 75% risk weight to credit card retail exposures,informational
APS-112,APS-112-THR-072,APS-112-REQ-060,risk_weight,==,100.0,,percent,"{""exposure_type"": ""retail"", ""product_type"": ""other_retail""}",ADI applies 100% risk weight to other retail exposures,informational
APS-112,APS-112-THR-073,APS-112-REQ-061,risk_weight,==,20.0,,percent,"{""exposure_type"": ""margin_lending"", ""collateral"": ""eligible_financial_collateral""}",ADI applies 20% risk weight to margin lending exposures secured by eligible financial collateral,informational
APS-112,APS-112-THR-074,APS-112-REQ-061,risk_weight,==,100.0,,percent,"{""exposure_type"": ""margin_lending"", ""collateral"": ""other_collateral""}",ADI applies 100% risk weight to margin lending exposures secured by other collateral,informational
APS-112,APS-112-THR-075,APS-112-REQ-062,risk_weight,==,150.0,,percent,"{""exposure_type"": ""subordinated_debt"", ""condition"": ""not_deducted_from_regulatory_capital""}",ADI applies 150% risk weight to subordinated debt not deducted from regulatory capital,informational
APS-112,APS-112-THR-076,APS-112-REQ-063,risk_weight,==,250.0,,percent,"{""exposure_type"": ""equity"", ""listing_status"": ""listed_on_recognised_exchange_or_banking_insurance_subsidiary_Level1"", ""condition"": ""not_deducted_from_regulatory_capital""}",ADI applies 250% risk weight to listed equity exposures not deducted from regulatory capital,informational
APS-112,APS-112-THR-077,APS-112-REQ-063,risk_weight,==,400.0,,percent,"{""exposure_type"": ""equity"", ""listing_status"": ""not_listed_on_recognised_exchange"", ""condition"": ""not_deducted_from_regulatory_capital""}",ADI applies 400% risk weight to unlisted equity exposures not deducted from regulatory capital,informational
APS-112,APS-112-THR-078,APS-112-REQ-064,risk_weight,==,100.0,,percent,"{""exposure_type"": ""lease_residual_value"", ""aggregate_residual_value_band"": ""up_to_10_percent_of_Tier1_capital""}",ADI applies 100% risk weight to the portion of aggregate residual value up to 10% of Tier 1 capital,informational
APS-112,APS-112-THR-079,APS-112-REQ-064,aggregate_residual_value_as_pct_of_Tier1_capital,<=,10.0,,percent,"{""exposure_type"": ""lease_residual_value"", ""risk_weight_applied"": 100}",Portion of aggregate residual value up to 10% of Tier 1 capital attracts 100% risk weight,informational
APS-112,APS-112-THR-080,APS-112-REQ-064,risk_weight,==,250.0,,percent,"{""exposure_type"": ""lease_residual_value"", ""aggregate_residual_value_band"": ""above_10_percent_of_Tier1_capital""}",ADI applies 250% risk weight to the portion of aggregate residual value exceeding 10% of Tier 1 capital,informational
APS-112,APS-112-THR-081,APS-112-REQ-065,risk_weight,==,150.0,,percent,"{""exposure_type"": ""third_party_originated"", ""conditions"": [""no_credit_assessment"", ""no_workout_administration"", ""no_direct_recourse""]}",ADI applies 150% risk weight to all qualifying third-party originated exposures,informational
APS-112,APS-112-THR-082,APS-112-REQ-066,risk_weight,==,0.0,,percent,"{""exposure_type"": ""cash_owned_and_held_or_in_transit""}",ADI applies 0% risk weight to cash owned and held at the ADI or in transit,informational
APS-112,APS-112-THR-083,APS-112-REQ-066,risk_weight,==,0.0,,percent,"{""exposure_type"": ""gold_bullion"", ""condition"": ""held_at_ADI_or_allocated_basis_backed_by_gold_bullion_liabilities""}",ADI applies 0% risk weight to qualifying gold bullion holdings,informational
APS-112,APS-112-THR-084,APS-112-REQ-066,risk_weight,==,20.0,,percent,"{""exposure_type"": ""cash_items_in_process_of_collection""}",ADI applies 20% risk weight to cash items in the process of collection,informational
APS-112,APS-112-THR-085,APS-112-REQ-066,risk_weight,==,100.0,,percent,"{""exposure_type"": ""investments_in_premises_plant_equipment_and_fixed_assets""}","ADI applies 100% risk weight to investments in premises, plant and equipment and all other fixed assets",informational
APS-112,APS-112-THR-086,APS-112-REQ-066,risk_weight,==,100.0,,percent,"{""exposure_type"": ""all_other_exposures_not_specified_elsewhere""}",ADI applies 100% risk weight to all other exposures not specified elsewhere,informational
APS-112,APS-112-THR-087,APS-112-REQ-067,risk_weight_multiplier,==,1.5,,multiplier,"{""exposure_type"": ""retail_or_residential_property"", ""borrower_type"": ""individual"", ""condition"": ""unhedged_currency_mismatch"", ""origination_date"": ""after_1_January_2023""}",ADI applies 1.5x multiplier to the applicable risk weight for qualifying unhedged currency mismatch exposures,informational
APS-112,APS-112-THR-088,APS-112-REQ-068,hedge_coverage,>=,90.0,,percent,"{""exposure_type"": ""retail_or_residential_property"", ""hedge_type"": ""natural_or_financial""}",Exposure may be treated as hedged and the 1.5x currency mismatch multiplier does not apply,minimum
APS-112,APS-112-THR-089,APS-112-REQ-069,CCF,==,100.0,,percent,"{""transaction_type"": ""direct_credit_substitutes""}",ADI applies 100% CCF to direct credit substitutes before risk-weighting,informational
APS-112,APS-112-THR-090,APS-112-REQ-069,CCF,==,100.0,,percent,"{""transaction_type"": ""sale_and_repurchase_agreements_and_asset_sales_with_recourse""}",ADI applies 100% CCF to sale and repurchase agreements and asset sales with recourse,informational
APS-112,APS-112-THR-091,APS-112-REQ-069,CCF,==,100.0,,percent,"{""transaction_type"": ""lending_or_posting_of_securities_as_collateral""}",ADI applies 100% CCF to lending of securities or posting of securities as collateral,informational
APS-112,APS-112-THR-092,APS-112-REQ-069,CCF,==,100.0,,percent,"{""transaction_type"": ""forward_asset_purchases_forward_deposits_partly_paid_shares_and_securities""}","ADI applies 100% CCF to forward asset purchases, forward deposits and partly paid shares and securities",informational
APS-112,APS-112-THR-093,APS-112-REQ-069,CCF,==,100.0,,percent,"{""transaction_type"": ""other_off_balance_sheet_credit_substitutes""}",ADI applies 100% CCF to other off-balance sheet items that are credit substitutes,informational
APS-112,APS-112-THR-094,APS-112-REQ-069,CCF,==,100.0,,percent,"{""transaction_type"": ""unsettled_securities_commodities_forex_at_settlement_date""}","ADI applies 100% CCF to unsettled securities, commodities and foreign exchange transactions accounted for at settlement date",informational
APS-112,APS-112-THR-095,APS-112-REQ-069,CCF,==,100.0,,percent,"{""transaction_type"": ""other_commitments_with_certain_drawdown""}",ADI applies 100% CCF to other commitments with certain drawdown,informational
APS-112,APS-112-THR-096,APS-112-REQ-069,CCF,==,50.0,,percent,"{""transaction_type"": ""note_issuance_and_revolving_underwriting_facilities""}",ADI applies 50% CCF to note issuance and revolving underwriting facilities,informational
APS-112,APS-112-THR-097,APS-112-REQ-069,CCF,==,50.0,,percent,"{""transaction_type"": ""performance_related_contingencies""}",ADI applies 50% CCF to performance-related contingencies,informational
APS-112,APS-112-THR-098,APS-112-REQ-069,CCF,==,40.0,,percent,"{""transaction_type"": ""other_commitments""}",ADI applies 40% CCF to other commitments,informational
APS-112,APS-112-THR-099,APS-112-REQ-069,CCF,==,20.0,,percent,"{""transaction_type"": ""short_term_self_liquidating_trade_letters_of_credit"", ""maturity"": ""less_than_12_months""}",ADI applies 20% CCF to short-term self-liquidating trade letters of credit arising from the movement of goods,informational
APS-112,APS-112-THR-100,APS-112-REQ-069,CCF,==,0.0,,percent,"{""transaction_type"": ""intraday_limits""}",ADI applies 0% CCF to intraday limits,informational
APS-112,APS-112-THR-101,APS-112-REQ-069,CCF,==,0.0,,percent,"{""transaction_type"": ""irrevocable_standby_commitments_under_industry_support_arrangements""}",ADI applies 0% CCF to irrevocable standby commitments under industry support arrangements,informational
APS-112,APS-112-THR-102,APS-112-REQ-071,risk_weight,==,100.0,,percent,"{""transaction_type"": ""DvP_unsettled"", ""business_days_after_settlement"": ""5_to_15""}",ADI applies 100% risk weight to DvP transactions unsettled for 5 to 15 business days after settlement date,informational
APS-112,APS-112-THR-103,APS-112-REQ-071,risk_weight,==,625.0,,percent,"{""transaction_type"": ""DvP_unsettled"", ""business_days_after_settlement"": ""16_to_30""}",ADI applies 625% risk weight to DvP transactions unsettled for 16 to 30 business days after settlement date,informational
APS-112,APS-112-THR-104,APS-112-REQ-071,risk_weight,==,937.5,,percent,"{""transaction_type"": ""DvP_unsettled"", ""business_days_after_settlement"": ""31_to_45""}",ADI applies 937.5% risk weight to DvP transactions unsettled for 31 to 45 business days after settlement date,informational
APS-112,APS-112-THR-105,APS-112-REQ-071,risk_weight,==,1250.0,,percent,"{""transaction_type"": ""DvP_unsettled"", ""business_days_after_settlement"": ""46_or_more""}",ADI applies 1250% risk weight to DvP transactions unsettled for 46 or more business days after settlement date,informational
APS-112,APS-112-THR-106,APS-112-REQ-072,risk_weight,==,1250.0,,percent,"{""transaction_type"": ""non_DvP_failed"", ""condition"": ""from_five_business_days_after_payment_or_delivery_until_extinction""}",ADI applies 1250% risk weight to the value transferred plus positive current exposure amount for non-DvP failed transactions from five business days after payment/delivery until extinction,informational
APS-112,APS-112-THR-101,APS-112-REQ-101,risk_weight_non_material_equity,==,100.0,,percent,"{""exposure_type"": ""equity"", ""materiality"": ""not_material"", ""consistency"": ""all_such_exposures_risk_weighted_consistently""}",A 100 per cent risk weight is applied to all non-material equity exposures where the ADI elects this option.,informational
APS-112,APS-112-THR-102,APS-112-REQ-102,risk_weight_defaulted_residential,==,80.0,,percent,"{""loan_type"": ""owner_occupied_principal_and_interest"", ""LMI"": true, ""status"": ""defaulted""}",An 80 per cent risk weight applies to defaulted owner-occupied P&I exposures with LMI.,informational
APS-112,APS-112-THR-103,APS-112-REQ-102,risk_weight_defaulted_residential,==,100.0,,percent,"{""loan_type"": ""owner_occupied_principal_and_interest"", ""LMI"": false, ""status"": ""defaulted""}",A 100 per cent risk weight applies to defaulted owner-occupied P&I exposures without LMI.,informational
APS-112,APS-112-THR-104,APS-112-REQ-102,risk_weight_defaulted_residential,==,95.0,,percent,"{""loan_type"": ""other_standard_residential"", ""LMI"": true, ""status"": ""defaulted""}",A 95 per cent risk weight applies to defaulted other standard residential property exposures with LMI.,informational
APS-112,APS-112-THR-105,APS-112-REQ-102,risk_weight_defaulted_residential,==,120.0,,percent,"{""loan_type"": ""other_standard_residential"", ""LMI"": false, ""status"": ""defaulted""}",A 120 per cent risk weight applies to defaulted other standard residential property exposures without LMI.,informational
APS-112,APS-112-THR-106,APS-112-REQ-102,risk_weight_defaulted_residential,==,150.0,,percent,"{""loan_type"": ""non_standard"", ""status"": ""defaulted""}",A 150 per cent risk weight applies to defaulted non-standard residential loan exposures.,informational
APS-112,APS-112-THR-107,APS-112-REQ-103,risk_weight_defaulted_other,==,100.0,,percent,"{""exposure_type"": ""non_residential_defaulted"", ""provision_ratio"": "">=20_percent_of_outstanding""}",A 100 per cent risk weight applies where provisions are at least 20 per cent of the outstanding defaulted exposure amount.,informational
APS-112,APS-112-THR-108,APS-112-REQ-103,risk_weight_defaulted_other,==,150.0,,percent,"{""exposure_type"": ""non_residential_defaulted"", ""provision_ratio"": ""<20_percent_of_outstanding""}",A 150 per cent risk weight applies where provisions are less than 20 per cent of the outstanding defaulted exposure amount.,informational
APS-112,APS-112-THR-109,APS-112-REQ-103,provision_ratio_threshold,>=,20.0,,percent,"{""exposure_type"": ""non_residential_defaulted"", ""metric_description"": ""provisions_as_percent_of_outstanding_exposure""}","If provisions are at or above 20 per cent of outstanding exposure, a 100 per cent risk weight applies; below this threshold, 150 per cent applies.",minimum
APS-112,APS-112-THR-110,APS-112-REQ-118,collateral_revaluation_frequency,<=,6.0,,months,"{""approach"": ""simple"", ""collateral_type"": ""received_collateral""}",Received collateral must be marked-to-market and revalued at least every six months to be recognised under the simple approach.,maximum
APS-112,APS-112-THR-111,APS-112-REQ-119,risk_weight_floor_simple_approach,>=,20.0,,percent,"{""approach"": ""simple"", ""portion"": ""collateral_secured"", ""exception"": ""paragraphs_18_to_20_conditions_not_met""}",The risk weight on the collateral-secured portion of an exposure under the simple approach must not fall below 20 per cent unless specific exceptions apply.,minimum
APS-112,APS-112-THR-112,APS-112-REQ-120,risk_weight_same_currency_cash_collateral,==,0.0,,percent,"{""approach"": ""simple"", ""collateral_type"": ""cash_on_deposit"", ""currency_match"": true}",A zero per cent risk weight may be applied where the exposure and cash collateral are in the same currency.,informational
APS-112,APS-112-THR-113,APS-112-REQ-120,sovereign_collateral_market_value_discount,==,20.0,,percent,"{""approach"": ""simple"", ""collateral_type"": ""sovereign_securities_zero_risk_weight"", ""currency_match"": true}",Sovereign securities eligible for zero per cent risk weight must have their market value discounted by 20 per cent to qualify for zero per cent risk weight treatment.,informational
APS-112,APS-112-THR-114,APS-112-REQ-121,risk_weight_qualifying_SFT,==,10.0,,percent,"{""approach"": ""simple"", ""transaction_type"": ""SFT"", ""conditions_met"": ""paragraphs_19a_to_19h"", ""counterparty"": ""non_core_market_participant""}",Qualifying SFTs may be risk-weighted at 10 per cent where the counterparty is not a core market participant.,informational
APS-112,APS-112-THR-115,APS-112-REQ-121,risk_weight_qualifying_SFT_core_market_participant,==,0.0,,percent,"{""approach"": ""simple"", ""transaction_type"": ""SFT"", ""conditions_met"": ""paragraphs_19a_to_19h"", ""counterparty"": ""core_market_participant""}",Qualifying SFTs may be risk-weighted at zero per cent where the counterparty is a core market participant as defined in paragraph 20.,informational
APS-112,APS-112-THR-116,APS-112-REQ-124,remargin_to_liquidation_days,<=,4.0,,business_days,"{""transaction_type"": ""SFT"", ""event"": ""counterparty_failure_to_remargin"", ""measurement"": ""time_from_last_mark_to_market_to_collateral_liquidation""}","If the time between the last mark-to-market before failure to remargin and liquidation of collateral exceeds four business days, the SFT does not qualify for the reduced risk weight under paragraph 19.",maximum
APS-112,APS-112-THR-101,APS-112-REQ-101,original_maturity_of_collateral_lodgement,>=,12.0,,months,"{""condition"": ""maturity_mismatch_exists"", ""description"": ""Collateral with maturity mismatch may only be recognised if original maturity of lodgement meets this threshold""}",Collateral with a maturity mismatch is only eligible for recognition if original maturity of lodgement is at least 12 months,minimum
APS-112,APS-112-THR-102,APS-112-REQ-101,residual_maturity_of_collateral_lodgement,>=,3.0,,months,"{""condition"": ""maturity_mismatch_exists"", ""description"": ""Collateral with maturity mismatch may only be recognised if residual maturity meets this threshold""}",Collateral with a maturity mismatch is only eligible for recognition if residual maturity is at least 3 months,minimum
APS-112,APS-112-THR-103,APS-112-REQ-103,supervisory_haircut_sovereign_grade1_leq1yr,==,0.5,,percent,"{""collateral_type"": ""sovereign"", ""credit_rating_grade"": ""1"", ""residual_maturity"": ""<=1 year""}",ADI must apply 0.5% haircut to sovereign debt securities rated grade 1 with residual maturity up to 1 year,informational
APS-112,APS-112-THR-104,APS-112-REQ-103,supervisory_haircut_sovereign_grade1_1to3yr,==,2.0,,percent,"{""collateral_type"": ""sovereign"", ""credit_rating_grade"": ""1"", ""residual_maturity"": "">1 year, <=3 years""}",ADI must apply 2% haircut to sovereign debt securities rated grade 1 with residual maturity >1 to 3 years,informational
APS-112,APS-112-THR-105,APS-112-REQ-103,supervisory_haircut_sovereign_grade1_3to5yr,==,4.0,,percent,"{""collateral_type"": ""sovereign"", ""credit_rating_grade"": ""1"", ""residual_maturity"": "">3 years, <=5 years""}",ADI must apply 4% haircut to sovereign debt securities rated grade 1 with residual maturity >3 to 5 years,informational
APS-112,APS-112-THR-106,APS-112-REQ-103,supervisory_haircut_sovereign_grade1_5to10yr,==,6.0,,percent,"{""collateral_type"": ""sovereign"", ""credit_rating_grade"": ""1"", ""residual_maturity"": "">5 years, <=10 years""}",ADI must apply 6% haircut to sovereign debt securities rated grade 1 with residual maturity >5 to 10 years,informational
APS-112,APS-112-THR-107,APS-112-REQ-103,supervisory_haircut_sovereign_grade1_gt10yr,==,12.0,,percent,"{""collateral_type"": ""sovereign"", ""credit_rating_grade"": ""1"", ""residual_maturity"": "">10 years""}",ADI must apply 12% haircut to sovereign debt securities rated grade 1 with residual maturity >10 years,informational
APS-112,APS-112-THR-108,APS-112-REQ-103,supervisory_haircut_other_issuer_grade1_leq1yr,==,1.0,,percent,"{""collateral_type"": ""other_issuer"", ""credit_rating_grade"": ""1"", ""residual_maturity"": ""<=1 year""}",ADI must apply 1% haircut to other issuer debt securities rated grade 1 with residual maturity up to 1 year,informational
APS-112,APS-112-THR-109,APS-112-REQ-103,supervisory_haircut_other_issuer_grade1_1to3yr,==,3.0,,percent,"{""collateral_type"": ""other_issuer"", ""credit_rating_grade"": ""1"", ""residual_maturity"": "">1 year, <=3 years""}",ADI must apply 3% haircut to other issuer debt securities rated grade 1 with residual maturity >1 to 3 years,informational
APS-112,APS-112-THR-110,APS-112-REQ-103,supervisory_haircut_other_issuer_grade1_3to5yr,==,6.0,,percent,"{""collateral_type"": ""other_issuer"", ""credit_rating_grade"": ""1"", ""residual_maturity"": "">3 years, <=5 years""}",ADI must apply 6% haircut to other issuer debt securities rated grade 1 with residual maturity >3 to 5 years,informational
APS-112,APS-112-THR-111,APS-112-REQ-103,supervisory_haircut_other_issuer_grade1_5to10yr,==,12.0,,percent,"{""collateral_type"": ""other_issuer"", ""credit_rating_grade"": ""1"", ""residual_maturity"": "">5 years, <=10 years""}",ADI must apply 12% haircut to other issuer debt securities rated grade 1 with residual maturity >5 to 10 years,informational
APS-112,APS-112-THR-112,APS-112-REQ-103,supervisory_haircut_other_issuer_grade1_gt10yr,==,20.0,,percent,"{""collateral_type"": ""other_issuer"", ""credit_rating_grade"": ""1"", ""residual_maturity"": "">10 years""}",ADI must apply 20% haircut to other issuer debt securities rated grade 1 with residual maturity >10 years,informational
APS-112,APS-112-THR-113,APS-112-REQ-103,supervisory_haircut_securitisation_grade1_leq1yr,==,2.0,,percent,"{""collateral_type"": ""securitisation_exposure"", ""credit_rating_grade"": ""1"", ""residual_maturity"": ""<=1 year""}",ADI must apply 2% haircut to securitisation exposures rated grade 1 with residual maturity up to 1 year,informational
APS-112,APS-112-THR-114,APS-112-REQ-103,supervisory_haircut_securitisation_grade1_1to3yr,==,8.0,,percent,"{""collateral_type"": ""securitisation_exposure"", ""credit_rating_grade"": ""1"", ""residual_maturity"": "">1 year, <=3 years""}",ADI must apply 8% haircut to securitisation exposures rated grade 1 with residual maturity >1 to 3 years,informational
APS-112,APS-112-THR-115,APS-112-REQ-103,supervisory_haircut_securitisation_grade1_3to5yr,==,16.0,,percent,"{""collateral_type"": ""securitisation_exposure"", ""credit_rating_grade"": ""1"", ""residual_maturity"": "">3 years, <=5 years""}",ADI must apply 16% haircut to securitisation exposures rated grade 1 with residual maturity >3 to 5 years,informational
APS-112,APS-112-THR-116,APS-112-REQ-103,supervisory_haircut_sovereign_grade23_leq1yr,==,1.0,,percent,"{""collateral_type"": ""sovereign"", ""credit_rating_grade"": ""2-3"", ""residual_maturity"": ""<=1 year""}",ADI must apply 1% haircut to sovereign debt securities rated grade 2-3 with residual maturity up to 1 year,informational
APS-112,APS-112-THR-117,APS-112-REQ-103,supervisory_haircut_sovereign_grade23_1to3yr,==,4.0,,percent,"{""collateral_type"": ""sovereign"", ""credit_rating_grade"": ""2-3"", ""residual_maturity"": "">1 year, <=3 years""}",ADI must apply 4% haircut to sovereign debt securities rated grade 2-3 with residual maturity >1 to 3 years,informational
APS-112,APS-112-THR-118,APS-112-REQ-103,supervisory_haircut_sovereign_grade23_3to5yr,==,6.0,,percent,"{""collateral_type"": ""sovereign"", ""credit_rating_grade"": ""2-3"", ""residual_maturity"": "">3 years, <=5 years""}",ADI must apply 6% haircut to sovereign debt securities rated grade 2-3 with residual maturity >3 to 5 years,informational
APS-112,APS-112-THR-119,APS-112-REQ-103,supervisory_haircut_sovereign_grade23_5to10yr,==,12.0,,percent,"{""collateral_type"": ""sovereign"", ""credit_rating_grade"": ""2-3"", ""residual_maturity"": "">5 years, <=10 years""}",ADI must apply 12% haircut to sovereign debt securities rated grade 2-3 with residual maturity >5 to 10 years,informational
APS-112,APS-112-THR-120,APS-112-REQ-103,supervisory_haircut_sovereign_grade23_gt10yr,==,20.0,,percent,"{""collateral_type"": ""sovereign"", ""credit_rating_grade"": ""2-3"", ""residual_maturity"": "">10 years""}",ADI must apply 20% haircut to sovereign debt securities rated grade 2-3 with residual maturity >10 years,informational
APS-112,APS-112-THR-121,APS-112-REQ-103,supervisory_haircut_other_issuer_grade23_leq1yr,==,2.0,,percent,"{""collateral_type"": ""other_issuer"", ""credit_rating_grade"": ""2-3 and unrated bank"", ""residual_maturity"": ""<=1 year""}",ADI must apply 2% haircut to other issuer debt securities rated grade 2-3 or unrated bank with residual maturity up to 1 year,informational
APS-112,APS-112-THR-122,APS-112-REQ-103,supervisory_haircut_other_issuer_grade23_1to3yr,==,3.0,,percent,"{""collateral_type"": ""other_issuer"", ""credit_rating_grade"": ""2-3 and unrated bank"", ""residual_maturity"": "">1 year, <=3 years""}",ADI must apply 3% haircut to other issuer debt securities rated grade 2-3 or unrated bank with residual maturity >1 to 3 years,informational
APS-112,APS-112-THR-123,APS-112-REQ-103,supervisory_haircut_other_issuer_grade23_3to5yr,==,6.0,,percent,"{""collateral_type"": ""other_issuer"", ""credit_rating_grade"": ""2-3 and unrated bank"", ""residual_maturity"": "">3 years, <=5 years""}",ADI must apply 6% haircut to other issuer debt securities rated grade 2-3 or unrated bank with residual maturity >3 to 5 years,informational
APS-112,APS-112-THR-124,APS-112-REQ-103,supervisory_haircut_other_issuer_grade23_5to10yr,==,12.0,,percent,"{""collateral_type"": ""other_issuer"", ""credit_rating_grade"": ""2-3 and unrated bank"", ""residual_maturity"": "">5 years, <=10 years""}",ADI must apply 12% haircut to other issuer debt securities rated grade 2-3 or unrated bank with residual maturity >5 to 10 years,informational
APS-112,APS-112-THR-125,APS-112-REQ-103,supervisory_haircut_other_issuer_grade23_gt10yr,==,20.0,,percent,"{""collateral_type"": ""other_issuer"", ""credit_rating_grade"": ""2-3 and unrated bank"", ""residual_maturity"": "">10 years""}",ADI must apply 20% haircut to other issuer debt securities rated grade 2-3 or unrated bank with residual maturity >10 years,informational
APS-112,APS-112-THR-126,APS-112-REQ-103,supervisory_haircut_sovereign_grade4_all,==,15.0,,percent,"{""collateral_type"": ""sovereign"", ""credit_rating_grade"": ""4 (long-term)"", ""residual_maturity"": ""all""}",ADI must apply 15% haircut to sovereign debt securities rated grade 4 (long-term) for all maturities,informational
APS-112,APS-112-THR-127,APS-112-REQ-103,supervisory_haircut_main_index_equities,==,20.0,,percent,"{""collateral_type"": ""main_index_equities_including_convertible_bonds_and_gold""}",ADI must apply 20% haircut to main index equities (including convertible bonds) and gold,informational
APS-112,APS-112-THR-128,APS-112-REQ-103,supervisory_haircut_other_equities,==,30.0,,percent,"{""collateral_type"": ""other_equities_and_convertible_bonds_listed_on_recognised_exchange""}",ADI must apply 30% haircut to other equities and convertible bonds listed on a recognised exchange,informational
APS-112,APS-112-THR-129,APS-112-REQ-103,supervisory_haircut_posted_collateral_not_eligible,==,30.0,,percent,"{""collateral_type"": ""securities_posted_as_collateral_but_not_eligible_financial_collateral""}",ADI must apply 30% haircut to securities posted as collateral but not eligible financial collateral,informational
APS-112,APS-112-THR-130,APS-112-REQ-103,supervisory_haircut_cash,==,0.0,,percent,"{""collateral_type"": ""cash"", ""note"": ""Only eligible cash collateral as per paragraph 14(a)""}",ADI must apply 0% haircut to eligible cash collateral,informational
APS-112,APS-112-THR-131,APS-112-REQ-103,supervisory_haircut_eligible_netting_set_securities,==,0.0,,percent,"{""collateral_type"": ""securities_in_eligible_netting_set_transactions"", ""condition"": ""transactions_satisfy_paragraphs_19_and_20_and_all_transactions_in_netting_set_satisfy_criteria""}",ADI must apply 0% haircut to securities forming part of posted or received collateral for transactions satisfying paragraphs 19 and 20 criteria where all netting set transactions satisfy those criteria,informational
APS-112,APS-112-THR-132,APS-112-REQ-104,currency_risk_haircut,==,8.0,,percent,"{""condition"": ""exposure_and_collateral_denominated_in_different_currencies""}",ADI must apply 8% haircut for currency risk where exposure and collateral are in different currencies,informational
APS-112,APS-112-THR-133,APS-112-REQ-104,currency_risk_haircut_same_currency,==,0.0,,percent,"{""condition"": ""exposure_and_collateral_denominated_in_same_currency""}",ADI must apply 0% haircut for currency risk where exposure and collateral are in the same currency,informational
APS-112,APS-112-THR-134,APS-112-REQ-105,minimum_holding_period_SFT,>=,5.0,,business_days,"{""transaction_type"": ""SFT"", ""condition"": ""daily_remargining""}",ADI must apply a minimum holding period of 5 business days to SFTs with daily remargining,minimum
APS-112,APS-112-THR-135,APS-112-REQ-105,minimum_holding_period_other_capital_market,>=,10.0,,business_days,"{""transaction_type"": ""other_capital_market_transactions"", ""condition"": ""daily_remargining""}",ADI must apply a minimum holding period of 10 business days to other capital market transactions with daily remargining,minimum
APS-112,APS-112-THR-136,APS-112-REQ-105,minimum_holding_period_secured_lending,>=,20.0,,business_days,"{""transaction_type"": ""secured_lending"", ""condition"": ""daily_revaluation""}",ADI must apply a minimum holding period of 20 business days to secured lending with daily revaluation,minimum
APS-112,APS-112-THR-137,APS-112-REQ-106,netting_set_trade_count_trigger,>=,5000.0,,trades,"{""condition"": ""number_of_trades_in_netting_set_exceeds_5000_at_any_point_during_quarter""}",ADI must set minimum holding period to 20 business days for the following quarter,trigger
APS-112,APS-112-THR-138,APS-112-REQ-106,minimum_holding_period_large_netting_set,>=,20.0,,business_days,"{""condition"": ""netting_set_exceeds_5000_trades_at_any_point_in_quarter""}",ADI must apply minimum holding period of 20 business days for the following quarter,minimum
APS-112,APS-112-THR-139,APS-112-REQ-107,minimum_holding_period_illiquid_collateral,>=,20.0,,business_days,"{""condition"": ""netting_set_contains_illiquid_collateral_or_OTC_derivative_not_easily_replaced""}",ADI must apply minimum holding period of 20 business days for netting sets with illiquid collateral or hard-to-replace OTC derivatives,minimum
APS-112,APS-112-THR-140,APS-112-REQ-108,margin_call_disputes_trigger,>=,2.0,,disputes,"{""period"": ""previous_two_quarters"", ""condition"": ""disputes_lasted_longer_than_applicable_minimum_holding_period""}",ADI must use a minimum holding period at least double the supervisory floor for that netting set for the subsequent two quarters,trigger
APS-112,APS-112-THR-141,APS-112-REQ-126,guarantor_credit_rating_grade_securitisation_current,<=,3.0,,credit_rating_grade,"{""exposure_type"": ""securitisation"", ""condition"": ""at_time_of_recognition""}",Guarantor must have a credit rating grade of three or better to be eligible for securitisation exposures,maximum
APS-112,APS-112-THR-142,APS-112-REQ-126,guarantor_credit_rating_grade_securitisation_at_time_of_provision,<=,2.0,,credit_rating_grade,"{""exposure_type"": ""securitisation"", ""condition"": ""at_time_credit_protection_was_provided""}",Guarantor must have been externally rated two or better at the time the credit protection was provided to be eligible for securitisation exposures,maximum
APS-112,APS-112-THR-101,APS-112-REQ-101,currency_mismatch_haircut_guarantee,==,8.0,,percent,"{""instrument"": ""guarantee"", ""condition"": ""currency_mismatch"", ""holding_period"": ""10 business days"", ""marking"": ""daily marking-to-market""}",The protected amount G_a must be reduced by applying the 8% haircut to the nominal guarantee amount,minimum
APS-112,APS-112-THR-102,APS-112-REQ-102,guarantee_original_maturity,>=,12.0,,months,"{""instrument"": ""guarantee"", ""condition"": ""maturity_mismatch""}",Guarantee may only be recognised as eligible CRM if original maturity is at least 12 months,minimum
APS-112,APS-112-THR-103,APS-112-REQ-102,guarantee_residual_maturity,>=,3.0,,months,"{""instrument"": ""guarantee"", ""condition"": ""maturity_mismatch""}",Guarantee may only be recognised as eligible CRM if residual maturity is at least 3 months,minimum
APS-112,APS-112-THR-104,APS-112-REQ-108,recognised_credit_protection_restructuring_excluded,<=,60.0,,percent,"{""instrument"": ""credit_derivative"", ""condition"": ""restructuring_excluded_from_contract"", ""other_requirements_met"": true}",ADI may only recognise 60% of the lesser of the credit protection amount and the underlying exposure amount,maximum
APS-112,APS-112-THR-105,APS-112-REQ-111,currency_mismatch_haircut_credit_derivative,==,8.0,,percent,"{""instrument"": ""credit_derivative"", ""condition"": ""currency_mismatch"", ""holding_period"": ""10 business days"", ""marking"": ""daily marking-to-market""}",The protected amount G_a must be reduced by applying the 8% haircut to the nominal credit derivative amount,minimum
APS-112,APS-112-THR-106,APS-112-REQ-112,credit_derivative_original_maturity,>=,12.0,,months,"{""instrument"": ""credit_derivative"", ""condition"": ""maturity_mismatch""}",Credit derivative may only be recognised as eligible CRM if original maturity is at least 12 months,minimum
APS-112,APS-112-THR-107,APS-112-REQ-112,credit_derivative_residual_maturity,>=,3.0,,months,"{""instrument"": ""credit_derivative"", ""condition"": ""maturity_mismatch""}",Credit derivative may only be recognised as eligible CRM if residual maturity is at least 3 months,minimum
APS-112,APS-112-THR-108,APS-112-REQ-115,credit_risk_assumption_sold_protection,==,100.0,,percent,"{""instrument"": ""credit_derivative"", ""role"": ""protection_seller""}",ADI must assume 100% of credit risk is purchased for capital adequacy purposes regardless of specified credit events,minimum
APS-112,APS-112-THR-109,APS-112-REQ-117,aggregated_risk_weight_first_to_default_basket,<=,1250.0,,percent,"{""instrument"": ""credit_derivative"", ""type"": ""first_to_default_basket""}","Risk weights of basket assets aggregated up to 1250% cap, multiplied by nominal protection amount to obtain RWA",maximum
APS-220,APS-220-THR-001,APS-220-REQ-035,days_past_due_classification,>=,30.0,,days,"{""classification_trigger"": ""30-day past-due bucket"", ""purpose"": ""prudential classification of exposures""}",ADI must classify the exposure in the 30-day past-due category for prudential reporting purposes,trigger
APS-220,APS-220-THR-002,APS-220-REQ-035,days_past_due_classification,>=,60.0,,days,"{""classification_trigger"": ""60-day past-due bucket"", ""purpose"": ""prudential classification of exposures""}",ADI must classify the exposure in the 60-day past-due category for prudential reporting purposes,trigger
APS-220,APS-220-THR-003,APS-220-REQ-035,days_past_due_classification,>=,90.0,,days,"{""classification_trigger"": ""90-day past-due bucket"", ""purpose"": ""prudential classification of exposures""}",ADI must classify the exposure in the 90-day past-due category for prudential reporting purposes,trigger
APS-220,APS-220-THR-004,APS-220-REQ-057,days_past_due,>=,90.0,,days,"{""loan_type"": ""all"", ""additional_condition"": ""total amount unpaid outside contractual arrangements is equivalent to at least 90 days worth of contractual payments"", ""applies_to"": ""exposures subject to a regular repayment schedule""}",Exposure is classified as non-performing (default); ADI must treat the borrower as in default,trigger
APS-220,APS-220-THR-005,APS-220-REQ-038,continuous_repayment_period_for_reclassification,>=,90.0,,days,"{""exposure_type"": ""non-performing (non-restructured)"", ""condition"": ""borrower has no exposure 90+ days past-due and borrower situation has improved""}",ADI may reclassify the exposure from non-performing to performing if all other criteria in paragraph 94 are also met,minimum
APS-220,APS-220-THR-006,APS-220-REQ-038,probation_period_for_reclassification,>=,6.0,,months,"{""exposure_type"": ""restructured non-performing"", ""condition"": ""repayments made as per revised contractual terms in a timely manner over the probation period""}",ADI may reclassify a restructured non-performing exposure to performing if all other criteria in paragraph 94 are also met,minimum
APS-220,APS-220-THR-007,APS-220-REQ-040,probation_period_exit_restructured,>=,6.0,,months,"{""exposure_type"": ""restructured"", ""condition"": ""all payments made in a timely manner as per revised contractual terms and borrower has resolved financial difficulty""}",ADI may exit the restructured exposure category once both exit criteria in paragraph 102 are met,minimum
APS-220,APS-220-THR-008,APS-220-REQ-050,property_marketing_period_standard,<=,12.0,,months,"{""property_type"": ""standard residential or commercial property"", ""purpose"": ""fair value determination of property security""}",ADI must assume a marketing period of up to 12 months when determining the fair value of standard property security,maximum
APS-220,APS-220-THR-009,APS-220-REQ-050,property_marketing_period_specialised,<=,24.0,,months,"{""property_type"": ""specialised or unusual properties"", ""condition"": ""professional valuers advise that a longer period is appropriate""}",ADI may adopt a marketing period of up to 24 months for specialised or unusual properties when professional valuers advise this is appropriate,maximum
APS-220,APS-220-THR-010,APS-220-REQ-052,prescribed_provision_category_one,==,0.0,,percent,"{""category"": ""Category One"", ""description"": ""Well-secured exposures: first mortgage residential with 100% LMI, or LVR net of LMI <= 80% (valuation not older than 12 months), or qualifying second mortgage"", ""days_past_due"": ""any""}",No prescribed provisions are mandated for Category One exposures,informational
APS-220,APS-220-THR-011,APS-220-REQ-054,prescribed_provision_category_two,>=,5.0,,percent,"{""category"": ""Category Two"", ""description"": ""First mortgage residential, LVR net of LMI > 80% and <= 100%, valuation not older than 12 months"", ""days_past_due_min"": 90, ""days_past_due_max"": 181, ""term_of_payments_past_due"": ""90 days and less than 182 days""}",Minimum prescribed provision of 5% of balance outstanding applies,minimum
APS-220,APS-220-THR-012,APS-220-REQ-054,prescribed_provision_category_two,>=,10.0,,percent,"{""category"": ""Category Two"", ""description"": ""First mortgage residential, LVR net of LMI > 80% and <= 100%, valuation not older than 12 months"", ""days_past_due_min"": 182, ""days_past_due_max"": 272, ""term_of_payments_past_due"": ""182 days and less than 273 days""}",Minimum prescribed provision of 10% of balance outstanding applies,minimum
APS-220,APS-220-THR-013,APS-220-REQ-054,prescribed_provision_category_two,>=,15.0,,percent,"{""category"": ""Category Two"", ""description"": ""First mortgage residential, LVR net of LMI > 80% and <= 100%, valuation not older than 12 months"", ""days_past_due_min"": 273, ""days_past_due_max"": 364, ""term_of_payments_past_due"": ""273 days and less than 365 days""}",Minimum prescribed provision of 15% of balance outstanding applies,minimum
APS-220,APS-220-THR-014,APS-220-REQ-054,prescribed_provision_category_two,>=,20.0,,percent,"{""category"": ""Category Two"", ""description"": ""First mortgage residential, LVR net of LMI > 80% and <= 100%, valuation not older than 12 months"", ""days_past_due_min"": 365, ""term_of_payments_past_due"": ""365 days and over""}",Minimum prescribed provision of 20% of balance outstanding applies,minimum
APS-220,APS-220-THR-015,APS-220-REQ-055,prescribed_provision_category_three,>=,40.0,,percent,"{""category"": ""Category Three"", ""description"": ""Personal and commercial loans (secured and unsecured), and residential mortgages with LVR net of LMI > 100%"", ""days_past_due_min"": 90, ""days_past_due_max"": 181, ""term_of_payments_past_due"": ""90 days and less than 182 days""}",Minimum prescribed provision of 40% of balance outstanding applies,minimum
APS-220,APS-220-THR-016,APS-220-REQ-055,prescribed_provision_category_three,>=,60.0,,percent,"{""category"": ""Category Three"", ""description"": ""Personal and commercial loans (secured and unsecured), and residential mortgages with LVR net of LMI > 100%"", ""days_past_due_min"": 182, ""days_past_due_max"": 272, ""term_of_payments_past_due"": ""182 days and less than 273 days""}",Minimum prescribed provision of 60% of balance outstanding applies,minimum
APS-220,APS-220-THR-017,APS-220-REQ-055,prescribed_provision_category_three,>=,80.0,,percent,"{""category"": ""Category Three"", ""description"": ""Personal and commercial loans (secured and unsecured), and residential mortgages with LVR net of LMI > 100%"", ""days_past_due_min"": 273, ""days_past_due_max"": 364, ""term_of_payments_past_due"": ""273 days and less than 365 days""}",Minimum prescribed provision of 80% of balance outstanding applies,minimum
APS-220,APS-220-THR-018,APS-220-REQ-055,prescribed_provision_category_three,>=,100.0,,percent,"{""category"": ""Category Three"", ""description"": ""Personal and commercial loans (secured and unsecured), and residential mortgages with LVR net of LMI > 100%"", ""days_past_due_min"": 365, ""term_of_payments_past_due"": ""365 days and over""}",Minimum prescribed provision of 100% of balance outstanding applies,minimum
APS-220,APS-220-THR-019,APS-220-REQ-056,prescribed_provision_category_four,>=,40.0,,percent,"{""category"": ""Category Four"", ""description"": ""Overdrawn savings accounts and revolving exposures (credit cards, overdrafts, lines of credit)"", ""period_of_irregularity_min_days"": 14, ""period_of_irregularity_max_days"": 89, ""period_of_irregularity"": ""14 days and less than 90 days""}",Minimum prescribed provision of 40% of balance outstanding applies,minimum
APS-220,APS-220-THR-020,APS-220-REQ-056,prescribed_provision_category_four,>=,75.0,,percent,"{""category"": ""Category Four"", ""description"": ""Overdrawn savings accounts and revolving exposures (credit cards, overdrafts, lines of credit)"", ""period_of_irregularity_min_days"": 90, ""period_of_irregularity_max_days"": 181, ""period_of_irregularity"": ""90 days and less than 182 days""}",Minimum prescribed provision of 75% of balance outstanding applies,minimum
APS-220,APS-220-THR-021,APS-220-REQ-056,prescribed_provision_category_four,>=,100.0,,percent,"{""category"": ""Category Four"", ""description"": ""Overdrawn savings accounts and revolving exposures (credit cards, overdrafts, lines of credit)"", ""period_of_irregularity_min_days"": 182, ""period_of_irregularity"": ""182 days and over""}",Minimum prescribed provision of 100% of balance outstanding applies,minimum
APS-220,APS-220-THR-022,APS-220-REQ-052,LVR_net_of_LMI_category_one_first_mortgage,<=,80.0,,percent,"{""category"": ""Category One"", ""loan_type"": ""residential_secured"", ""mortgage_type"": ""registered first mortgage"", ""condition"": ""exposure is 90 days or more worth of payments past-due and valuation is not older than 12 months""}",Exposure qualifies as Category One (well-secured); no prescribed provisions mandated,informational
APS-220,APS-220-THR-023,APS-220-REQ-054,LVR_net_of_LMI_category_two,between,80.0,100.0,percent,"{""category"": ""Category Two"", ""loan_type"": ""residential_secured"", ""mortgage_type"": ""registered first mortgage"", ""condition"": ""loan is 90 days or more worth of payments past-due and valuation is not older than 12 months"", ""note"": ""greater than 80% but no more than 100%""}",Exposure classified as Category Two; minimum provision percentages from Table 1 apply based on term of payments past-due,informational
APS-220,APS-220-THR-024,APS-220-REQ-055,LVR_net_of_LMI_category_three_residential,>=,100.0,,percent,"{""category"": ""Category Three"", ""loan_type"": ""residential_secured"", ""condition"": ""residential mortgage loans where LVR net of LMI exceeds 100%""}",Exposure classified as Category Three; minimum provision percentages from Table 2 apply based on term of payments past-due,informational
APS-220,APS-220-THR-025,APS-220-REQ-055,category_three_security_adjustment_LVR,>=,70.0,,percent,"{""category"": ""Category Three"", ""loan_type"": ""residential_secured"", ""condition"": ""exposure secured by mortgage over residential property, 90+ days past-due, valuation not older than 12 months"", ""adjustment"": ""minimum provision percentage applied to outstanding balance less LMI minus 70% of security value""}",Provision may be adjusted to reflect part of the fair value of security; minimum provision percentage applied to the difference between outstanding balance less LMI and 70% of security value,informational
APS-220,APS-220-THR-026,APS-220-REQ-048,valuation_panel_review_frequency,>=,1.0,,per_year,"{""condition"": ""ADI relies on a panel of approved valuation professionals""}",The panel of approved valuation professionals must be reviewed at least annually,minimum
